Abílio Santana ,Exmo. Senhor Deputado,@AbilioSantana_
Abou Anni ,Exmo. Senhor Deputado,
Acácio Favacho ,Exmo. Senhor Deputado,@AcacioFavacho
Adolfo Viana ,Exmo. Senhor Deputado,@AdolfoViana_
Adriano do Baldy ,Exmo. Senhor Deputado,@adrianodobaldy
Aécio Neves ,Exmo. Senhor Deputado,@AecioNeves
Afonso Florence ,Exmo. Senhor Deputado,@AfonsoFlorence
Afonso Hamm ,Exmo. Senhor Deputado,@DepAfonsoHamm
Afonso Motta ,Exmo. Senhor Deputado,@afonso_motta
Aguinaldo Ribeiro ,Exmo. Senhor Deputado,@depaguinaldo11
Airton Faleiro ,Exmo. Senhor Deputado,@FaleiroAirton
AJ Albuquerque,Exmo. Senhor Deputado,
Alan Rick ,Exmo. Senhor Deputado,@Alan_Rick
Alceu Moreira ,Exmo. Senhor Deputado,@Alceu_Moreira
Alcides Rodrigues ,Exmo. Senhor Deputado,
Alencar Santana Braga ,Exmo. Senhor Deputado,@AlencarBraga13
Alessandro Molon ,Exmo. Senhor Deputado,@alessandromolon
Alex Manente ,Exmo. Senhor Deputado,@AlexManentePPS
Alex Santana ,Exmo. Senhor Deputado,@depalexsantana
Alexandre Frota ,Exmo. Senhor Deputado,@alefrota77
Alexandre Leite ,Exmo. Senhor Deputado,@lexandreleite
Alexandre Padilha ,Exmo. Senhor Deputado,@padilhando
Alexandre Serfiotis ,Exmo. Senhor Deputado,@AleSerfiotis
Alexis Fonteyne ,Exmo. Senhor Deputado,@AlexisFonteyne
Aliel Machado ,Exmo. Senhor Deputado,@alielmachado
Aluisio Mendes ,Exmo. Senhor Deputado,@AluisioMendesMA
Amaro Neto ,Exmo. Senhor Deputado,@amaronetotv
André Abdon ,Exmo. Senhor Deputado,
André de Paula ,Exmo. Senhor Deputado,
André Ferreira ,Exmo. Senhor Deputado,
André Figueiredo ,Exmo. Senhor Deputado,@andrepdt12
André Fufuca ,Exmo. Senhor Deputado,@DepAndreFufuca
André Janones ,Exmo. Senhor Deputado,@AndreJanonesAdv
Antonio Brito ,Exmo. Senhor Deputado,
Arlindo Chinaglia ,Exmo. Senhor Deputado,@achinaglia
Arnaldo Jardim ,Exmo. Senhor Deputado,@ArnaldoJardim
Aroldo Martins ,Exmo. Senhor Deputado,@aroldomartins
Arthur Lira ,Exmo. Senhor Deputado,@ArthurLira_
Arthur Oliveira Maia ,Exmo. Senhor Deputado,@DepArthurMaia
Átila Lins ,Exmo. Senhor Deputado,
Átila Lira ,Exmo. Senhor Deputado,@deputadoatila
Augusto Coutinho ,Exmo. Senhor Deputado,@dep_acoutinho
Aureo Ribeiro ,Exmo. Senhor Deputado,@AureoRibeiroRJ
Bacelar ,Exmo. Senhor Deputado,@DeputadoBacelar
Baleia Rossi ,Exmo. Senhor Deputado,@Baleia_Rossi
Benes Leocádio ,Exmo. Senhor Deputado,@benesleocadiorn
Beto Faro ,Exmo. Senhor Deputado,@BetoFaroPT
Beto Pereira ,Exmo. Senhor Deputado,@betopereirams
Beto Rosado ,Exmo. Senhor Deputado,@BetoRosado
Bibo Nunes ,Exmo. Senhor Deputado,@bibonunes1
Bilac Pinto ,Exmo. Senhor Deputado,@bilac_pinto
Bira do Pindaré ,Exmo. Senhor Deputado,@BiradoPindare
Boca Aberta ,Exmo. Senhor Deputado,@BocaAbertaOf
Bohn Gass ,Exmo. Senhor Deputado,@BohnGass
Bosco Costa ,Exmo. Senhor Deputado,@BoscoCosta_SE
Bosco Saraiva ,Exmo. Senhor Deputado,@boscosaraiva
Bozzella,Exmo. Senhor Deputado,
Cacá Leão ,Exmo. Senhor Deputado,@CacaLeao
Camilo Capiberibe ,Exmo. Senhor Deputado,@CamiloPSB
Capitão Alberto Neto ,Exmo. Senhor Deputado,@capalbertoneto
Capitão Augusto ,Exmo. Senhor Deputado,@capitao_augusto
Capitão Fábio Abreu ,Exmo. Senhor Deputado,
Carlos Bezerra ,Exmo. Senhor Deputado,
Carlos Chiodini ,Exmo. Senhor Deputado,@carloschiodini
Carlos Gomes ,Exmo. Senhor Deputado,@Carlos_Gaguim
Carlos Henrique Gaguim ,Exmo. Senhor Deputado,@carlosgomesdep
Carlos Jordy ,Exmo. Senhor Deputado,@carlosjordy
Carlos Sampaio ,Exmo. Senhor Deputado,@carlossampaio_
Carlos Veras ,Exmo. Senhor Deputado,@carlosveraspt
Carlos Zarattini ,Exmo. Senhor Deputado,@CarlosZarattini
Cássio Andrade ,Exmo. Senhor Deputado,@Cassio_4011
Célio Moura ,Exmo. Senhor Deputado,@CelioMouraTO
Célio Silveira ,Exmo. Senhor Deputado,@csilveira4599
Célio Studart ,Exmo. Senhor Deputado,@CelioStudart
Celso Maldaner ,Exmo. Senhor Deputado,@maldaner_celso
Celso Russomanno ,Exmo. Senhor Deputado,@celsorussomanno
Celso Sabino ,Exmo. Senhor Deputado,@depcelsosabino
Cezinha de Madureira ,Exmo. Senhor Deputado,@Czmadureira
Charles Fernandes ,Exmo. Senhor Deputado,@Charles_Federal
Charlles Evangelista ,Exmo. Senhor Deputado,@charllesevg
Chico D'Angelo ,Exmo. Senhor Deputado,@chico_dangelo
Chiquinho Brazão ,Exmo. Senhor Deputado,@BrazaoChiquinho
Christino Aureo ,Exmo. Senhor Deputado,@christinoaureo
Claudio Cajado ,Exmo. Senhor Deputado,@deputadocajado
Cleber Verde ,Exmo. Senhor Deputado,@CleberVerde10
Coronel Armando ,Exmo. Senhor Deputado,@dep_cel_armando
Coronel Chrisóstomo ,Exmo. Senhor Deputado,
Coronel Tadeu ,Exmo. Senhor Deputado,@CoronelTadeu
Cristiano Vale ,Exmo. Senhor Deputado,
Da Vitoria ,Exmo. Senhor Deputado,@josiasdavitoria
Dagoberto Nogueira ,Exmo. Senhor Deputado,@dagobertopdt
Damião Feliciano ,Exmo. Senhor Deputado,@Drdamiaof
Daniel Almeida ,Exmo. Senhor Deputado,@Daniel_PCdoB
Daniel Coelho ,Exmo. Senhor Deputado,@DanielCoelho23
Daniel Freitas ,Exmo. Senhor Deputado,@DFDanielFreitas
Daniel Silveira ,Exmo. Senhor Deputado,@DanielPMERJ
Daniel Trzeciak ,Exmo. Senhor Deputado,@TrzeciakDaniel
Danilo Cabral ,Exmo. Senhor Deputado,@danilo4010
Danilo Forte,Exmo. Senhor Deputado,
Danrlei de Deus Hinterholz ,Exmo. Senhor Deputado,
David Miranda ,Exmo. Senhor Deputado,@davidmirandario
David Soares ,Exmo. Senhor Deputado,@davidbrsoares
Delegado Antônio Furtado ,Exmo. Senhor Deputado,@DelegadoFurtado
Delegado Éder Mauro ,Exmo. Senhor Deputado,@EderMauroPA
Delegado Marcelo Freitas ,Exmo. Senhor Deputado,@DelegadoFreitas
Delegado Pablo ,Exmo. Senhor Deputado,@DelegadoPablo_
Delegado Waldir ,Exmo. Senhor Deputado,@delegado_waldir
Denis Bezerra ,Exmo. Senhor Deputado,@denisbezerra
Deuzinho Filho,Exmo. Senhor Deputado,
Diego Andrade ,Exmo. Senhor Deputado,
Diego Garcia ,Exmo. Senhor Deputado,@diegogarciapr
Dimas Fabiano ,Exmo. Senhor Deputado,@depdimasfabiano
Domingos Sávio ,Exmo. Senhor Deputado,@DomingosSavioMG
Dr. Agripino Magalhães,Exmo. Senhor Deputado,
Dr. Frederico ,Exmo. Senhor Deputado,@DrFredericoMG
Dr. Jaziel ,Exmo. Senhor Deputado,
Dr. João,Exmo. Senhor Deputado,
Dr. Leonardo ,Exmo. Senhor Deputado,@DrLeonardomt
Dr. Luiz Antonio Teixeira Jr. ,Exmo. Senhor Deputado,
Dr. Luiz Ovando ,Exmo. Senhor Deputado,
Dr. Sinval Malheiros,Exmo. Senhor Deputado,@SinvalMalheiros
Dr. Zacharias Calil ,Exmo. Senhor Deputado,
Edilázio Júnior ,Exmo. Senhor Deputado,@EdilazioJunior_
Edio Lopes ,Exmo. Senhor Deputado,@ediolopes
Edmilson Rodrigues ,Exmo. Senhor Deputado,@EdmilsonPSOL
Eduardo Barbosa ,Exmo. Senhor Deputado,@eduardobarbosa_
Eduardo Bismarck ,Exmo. Senhor Deputado,@eduardobismarck
Eduardo Bolsonaro ,Exmo. Senhor Deputado,@BolsonaroSP
Eduardo Braide ,Exmo. Senhor Deputado,@EduardoBraide
Eduardo Costa ,Exmo. Senhor Deputado,@eduardocosta14
Eduardo Cury ,Exmo. Senhor Deputado,@Eduardo_Cury
Eduardo da Fonte ,Exmo. Senhor Deputado,@eduardodafonte
Efraim Filho ,Exmo. Senhor Deputado,@efraimfilho
Eli Borges ,Exmo. Senhor Deputado,@elidiasborges
Eli Corrêa Filho ,Exmo. Senhor Deputado,
Elias Vaz ,Exmo. Senhor Deputado,@EliasVazGyn
Elmar Nascimento ,Exmo. Senhor Deputado,@ElmarNascimento
Emanuel Pinheiro Neto ,Exmo. Senhor Deputado,@emanuelzinhomt
Emidinho Madeira ,Exmo. Senhor Deputado,
Enéias Reis ,Exmo. Senhor Deputado,@DepEneiasReis
Enio Verri ,Exmo. Senhor Deputado,@enioverri
Enrico Misasi ,Exmo. Senhor Deputado,@enricomisasi
Eros Biondini ,Exmo. Senhor Deputado,@erosbiondini
Euclydes Pettersen ,Exmo. Senhor Deputado,@EuclydesPetter
Evair Vieira de Melo ,Exmo. Senhor Deputado,@EvairdeMelo
Expedito Netto ,Exmo. Senhor Deputado,@roman_evandro
Fábio Henrique ,Exmo. Senhor Deputado,@FabioHenriqueSE
Fábio Mitidieri ,Exmo. Senhor Deputado,@depfmitidieri
Fábio Ramalho ,Exmo. Senhor Deputado,@_FabinhoRamalho
Fabio Reis ,Exmo. Senhor Deputado,@fabioreis1515
Fabio Schiochet ,Exmo. Senhor Deputado,
Fábio Trad ,Exmo. Senhor Deputado,@f_trad
Fausto Pinato ,Exmo. Senhor Deputado,@Fausto_Pinato
Felício Laterça ,Exmo. Senhor Deputado,
Felipe Carreras ,Exmo. Senhor Deputado,@felipecarreras
Felipe Francischini ,Exmo. Senhor Deputado,@FFrancischini_
Felipe Rigoni ,Exmo. Senhor Deputado,@rigoni_felipe
Félix Mendonça Júnior ,Exmo. Senhor Deputado,@FelixMendoncaJr
Fernando Coelho Filho ,Exmo. Senhor Deputado,@FBCFilho
Fernando Monteiro ,Exmo. Senhor Deputado,@fmonteiroPE
Fernando Rodolfo ,Exmo. Senhor Deputado,
Filipe Barros ,Exmo. Senhor Deputado,@filipebarrost
Flaviano Melo ,Exmo. Senhor Deputado,@Flaviano_Melo
Flávio Nogueira ,Exmo. Senhor Deputado,@flavionoguera
Francisco Jr. ,Exmo. Senhor Deputado,@franciscojr_go
Franco Cartafina ,Exmo. Senhor Deputado,@FrancoCartafina
Fred Costa ,Exmo. Senhor Deputado,@FredCosta5133
Frei Anastacio Ribeiro ,Exmo. Senhor Deputado,@freianastaciopt
Gastão Vieira ,Exmo. Senhor Deputado,@gastaodvieira
Gelson Azevedo ,Exmo. Senhor Deputado,
Genecias Noronha ,Exmo. Senhor Deputado,@DepGenecias
General Girão ,Exmo. Senhor Deputado,@GeneralGirao
General Peternelli ,Exmo. Senhor Deputado,@GenPeternelli
Geninho Zuliani ,Exmo. Senhor Deputado,@geninhozuliani
Gervásio Maia ,Exmo. Senhor Deputado,@gervasiomaia
Giacobo ,Exmo. Senhor Deputado,@fernandogiacobo
Gil Cutrim ,Exmo. Senhor Deputado,@gilcutrim
Gilberto Abramo ,Exmo. Senhor Deputado,@gilbertoabramo
Gilberto Nascimento ,Exmo. Senhor Deputado,@GilbertoPSC20
Gilson Marques ,Exmo. Senhor Deputado,@gilsonmarques30
Giovani Cherini ,Exmo. Senhor Deputado,@giovanicherini
Giovani Feltes ,Exmo. Senhor Deputado,@GiovaniFeltes
Glauber Braga ,Exmo. Senhor Deputado,@Glauber_Braga
Glaustin da Fokus,Exmo. Senhor Deputado,@glaustinfokus
Gonzaga Patriota ,Exmo. Senhor Deputado,
Guiga Peixoto ,Exmo. Senhor Deputado,@zeguilherme_10
Guilherme Derrite ,Exmo. Senhor Deputado,@GuilhermeMussi
Guilherme Mussi ,Exmo. Senhor Deputado,@GuilhermeMussi
Gurgel ,Exmo. Senhor Deputado,@GurgelSoares
Gustavo Fruet ,Exmo. Senhor Deputado,@gustavofruet
Gustinho Ribeiro ,Exmo. Senhor Deputado,@GustinhoRibeiro
Gutemberg Reis ,Exmo. Senhor Deputado,@guth_reis
Haroldo Cathedral ,Exmo. Senhor Deputado,
Heitor Freire ,Exmo. Senhor Deputado,@HeitorFreireCE
Heitor Schuch ,Exmo. Senhor Deputado,@HeitorSchuch
Helder Salomão ,Exmo. Senhor Deputado,@heldersalomao
Hélio Costa ,Exmo. Senhor Deputado,
Hélio Leite ,Exmo. Senhor Deputado,@h_leite
Helio Lopes ,Exmo. Senhor Deputado,@depheliolopes
Henrique Fontana ,Exmo. Senhor Deputado,@HenriqueFontana
Hercílio Coelho Diniz ,Exmo. Senhor Deputado,
Herculano Passos ,Exmo. Senhor Deputado,@herculanopassos
Hermes Parcianello ,Exmo. Senhor Deputado,@HermesLaranja
Hildo Rocha ,Exmo. Senhor Deputado,@hildorocha1513
Hiran Gonçalves ,Exmo. Senhor Deputado,@deputadohiran
Hugo Leal ,Exmo. Senhor Deputado,@depHugoLeal
Hugo Motta ,Exmo. Senhor Deputado,@HugoMottaPB
Idilvan Alencar ,Exmo. Senhor Deputado,@IdilvanAlencar
Igor Kannário ,Exmo. Senhor Deputado,@Igor_Kannario
Igor Timo ,Exmo. Senhor Deputado,@oficialigortimo
Isnaldo Bulhões Jr. ,Exmo. Senhor Deputado,@bulhoesjr
Ivan Valente ,Exmo. Senhor Deputado,@IvanValente
Jefferson Campos ,Exmo. Senhor Deputado,@DepJefferson
Jerônimo Goergen ,Exmo. Senhor Deputado,@jeronimogoergen
Jesus Sérgio ,Exmo. Senhor Deputado,
Jhc,Exmo. Senhor Deputado,@JHC_40
Jhonatan de Jesus ,Exmo. Senhor Deputado,@jhonatan_djesus
João Campos ,Exmo. Senhor Deputado,@joaocamposdep
João Carlos Bacelar ,Exmo. Senhor Deputado,
João Daniel ,Exmo. Senhor Deputado,@depjoaodanielpt
João H. Campos ,Exmo. Senhor Deputado,@JoaoCampos
João Maia ,Exmo. Senhor Deputado,@depjoaomaia
João Marcelo Souza ,Exmo. Senhor Deputado,
João Roma ,Exmo. Senhor Deputado,@joaoromaneto
Joaquim Passarinho ,Exmo. Senhor Deputado,@depjpassarinho
Jorge Braz ,Exmo. Senhor Deputado,@Jorge_Braz
Jorge Solla ,Exmo. Senhor Deputado,@depjorgesolla
José Airton Félix Cirilo ,Exmo. Senhor Deputado,@JoseAirtonPT
José Guimarães ,Exmo. Senhor Deputado,@guimaraes13PT
Jose Mario Schreiner ,Exmo. Senhor Deputado,@SchreinerJose
José Medeiros ,Exmo. Senhor Deputado,@JoseMedeirosMT
José Nelto ,Exmo. Senhor Deputado,@depjosenelto
José Nunes ,Exmo. Senhor Deputado,@JoseNunesDep
José Priante ,Exmo. Senhor Deputado,@priante
José Ricardo ,Exmo. Senhor Deputado,@ZeRicardoAM
José Rocha ,Exmo. Senhor Deputado,
Joseildo Ramos ,Exmo. Senhor Deputado,
Josimar Maranhãozinho ,Exmo. Senhor Deputado,
Juarez Costa ,Exmo. Senhor Deputado,
Julian Lemos ,Exmo. Senhor Deputado,@LemosFederal
Júlio Cesar ,Exmo. Senhor Deputado,@DepJulioCesarPI
Julio Cesar Ribeiro ,Exmo. Senhor Deputado,@JulioCesarRib
Júlio Delgado ,Exmo. Senhor Deputado,@depjuliodelgado
Juninho do Pneu ,Exmo. Senhor Deputado,@JuninhodoPneu
Junio Amaral ,Exmo. Senhor Deputado,@cabojunioamaral
Júnior Ferrari ,Exmo. Senhor Deputado,
Júnior Mano ,Exmo. Senhor Deputado,@JuniorManoDep
Juscelino Filho ,Exmo. Senhor Deputado,@DepJuscelino
Kim Kataguiri ,Exmo. Senhor Deputado,@kimpkat
Laercio Oliveira ,Exmo. Senhor Deputado,@LaercioFederal
Lafayette de Andrada ,Exmo. Senhor Deputado,@lafayetteandrad
Léo Moraes ,Exmo. Senhor Deputado,@Dep_LeoMoraes
Léo Motta ,Exmo. Senhor Deputado,@leomotta_ofc
Leonardo Monteiro ,Exmo. Senhor Deputado,@depleomonteiro
Leônidas Cristino ,Exmo. Senhor Deputado,@joseleonidas
Leur Lomanto Júnior ,Exmo. Senhor Deputado,@LeurLomantoJr
Lincoln Portela ,Exmo. Senhor Deputado,@lincoln_portela
Loester Trutis ,Exmo. Senhor Deputado,@LTrutis
Lourival Gomes ,Exmo. Senhor Deputado,@LourivalGomesrj
Lucas Gonzalez ,Exmo. Senhor Deputado,@lucasvgonzalez
Lucas Redecker ,Exmo. Senhor Deputado,@LucasRedecker
Lucas Vergilio ,Exmo. Senhor Deputado,@VergilioLucas77
Luciano Bivar ,Exmo. Senhor Deputado,@Bivar1717
Luciano Ducci ,Exmo. Senhor Deputado,@LucianoDucci
Lucio Mosquini ,Exmo. Senhor Deputado,@luciomosquini
Luis Miranda ,Exmo. Senhor Deputado,@LuisMirandaUSA1
Luis Tibé ,Exmo. Senhor Deputado,@LuisTibeOficial
Luiz Antônio Corrêa ,Exmo. Senhor Deputado,@drluizantoniojr
Luiz Carlos ,Exmo. Senhor Deputado,@lcm_motta
Luiz Carlos Motta ,Exmo. Senhor Deputado,@lcm_motta
Luiz Lima ,Exmo. Senhor Deputado,@Oficialluizlima
Luiz Nishimori ,Exmo. Senhor Deputado,@LuizNishimori
Luiz Philippe de Orleans e Bragança ,Exmo. Senhor Deputado,@lpbragancabr
Luizão Goulart ,Exmo. Senhor Deputado,@luizaogoulart
Manuel Marcos ,Exmo. Senhor Deputado,
Marcão Gomes ,Exmo. Senhor Deputado,
Marcel van Hattem,Exmo. Senhor Deputado,@marcelvanhattem
Marcelo Aro ,Exmo. Senhor Deputado,@marceloaro
Marcelo Brum ,Exmo. Senhor Deputado,
Marcelo Calero ,Exmo. Senhor Deputado,@caleromarcelo
Marcelo Freixo ,Exmo. Senhor Deputado,@MarceloFreixo
Marcelo Moraes ,Exmo. Senhor Deputado,
Marcelo Nilo ,Exmo. Senhor Deputado,@depmarcelonilo
Marcelo Ramos ,Exmo. Senhor Deputado,@marceloramosam
Marcio Alvino ,Exmo. Senhor Deputado,@AlvinoMarcio
Márcio Biolchi ,Exmo. Senhor Deputado,@marciobiolchi
Márcio Jerry ,Exmo. Senhor Deputado,@marciojerry
Márcio Labre ,Exmo. Senhor Deputado,@marciolabre
Márcio Marinho ,Exmo. Senhor Deputado,@dpmarciomarinho
Marco Bertaiolli ,Exmo. Senhor Deputado,@MarcoBertaiolli
Marcon ,Exmo. Senhor Deputado,@depmarcon
Marcos Aurélio Sampaio ,Exmo. Senhor Deputado,@MarcosA_Sampaio
Marcos Pereira ,Exmo. Senhor Deputado,@marcospereira04
Mário Heringer ,Exmo. Senhor Deputado,@mario_heringer
Mário Negromonte Jr. ,Exmo. Senhor Deputado,@depnegromontejr
Marlon Santos ,Exmo. Senhor Deputado,@deputado_marlon
Marreca Filho ,Exmo. Senhor Deputado,@depmarrecafilho
Marx Beltrão ,Exmo. Senhor Deputado,@marxbeltrao
Maurício Dziedricki ,Exmo. Senhor Deputado,@mauricioptbrs
Mauro Benevides Filho ,Exmo. Senhor Deputado,@mauro_bfilho
Mauro Lopes ,Exmo. Senhor Deputado,@depmaurolopes
Mauro Nazif ,Exmo. Senhor Deputado,@drmauronazif
Merlong Solano ,Exmo. Senhor Deputado,
Miguel Lombardi ,Exmo. Senhor Deputado,@Dmiguellombardi
Milton Vieira ,Exmo. Senhor Deputado,@MiltonVieiraOfc
Misael Varella ,Exmo. Senhor Deputado,
Moses Rodrigues ,Exmo. Senhor Deputado,@DepFederalMoses
Nelson Barbudo ,Exmo. Senhor Deputado,@nelsonbarbudo
Nereu Crispim ,Exmo. Senhor Deputado,@nereucrispim
Neri Geller ,Exmo. Senhor Deputado,@NeriGeller
Newton Cardoso Jr ,Exmo. Senhor Deputado,@newton1510
Ney Leprevost ,Exmo. Senhor Deputado,
Nicoletti ,Exmo. Senhor Deputado,@depnicoletti
Nilson Pinto ,Exmo. Senhor Deputado,@DepNilsonPinto
Nilto Tatto ,Exmo. Senhor Deputado,@NiltoTatto
Nivaldo Albuquerque ,Exmo. Senhor Deputado,@NivaldoAlbuque
Odair Cunha ,Exmo. Senhor Deputado,@odaircunhamg
Olival Marques ,Exmo. Senhor Deputado,@OLIVALMARQUES
Orlando Silva ,Exmo. Senhor Deputado,@orlandosilva
Osires Damaso ,Exmo. Senhor Deputado,@OrDamaso
Osmar Terra ,Exmo. Senhor Deputado,@OsmarTerra
Ossesio Silva ,Exmo. Senhor Deputado,@Ossesio_Silva
Otoni de Paula ,Exmo. Senhor Deputado,@OtoniDepFederal
Ottaci Nascimento,Exmo. Senhor Deputado,
Otto Alencar Filho ,Exmo. Senhor Deputado,@ottoalencar
Padre João ,Exmo. Senhor Deputado,@dep_padrejoao
Pastor Eurico ,Exmo. Senhor Deputado,@DEPPASTOREURICO
Pastor Gil,Exmo. Senhor Deputado,
Pastor Sargento Isidório ,Exmo. Senhor Deputado,@prisidorio
Patrus Ananias ,Exmo. Senhor Deputado,@Patrus_Ananias
Paulão ,Exmo. Senhor Deputado,@paulaodopt
Paulo Abi-Ackel,Exmo. Senhor Deputado,@pauloabiackel
Paulo Azi ,Exmo. Senhor Deputado,@PauloAzi
Paulo Bengtson ,Exmo. Senhor Deputado,@PauloBengtson
Paulo Eduardo Martins ,Exmo. Senhor Deputado,@PauloMartins10
Paulo Freire Costa ,Exmo. Senhor Deputado,@DF_PauloFreire
Paulo Ganime ,Exmo. Senhor Deputado,@pauloganime
Paulo Guedes ,Exmo. Senhor Deputado,@deppauloguedes
Paulo Magalhães ,Exmo. Senhor Deputado,
Paulo Marinho Jr ,Exmo. Senhor Deputado,
Paulo Pereira da Silva ,Exmo. Senhor Deputado,@dep_paulinho
Paulo Pimenta ,Exmo. Senhor Deputado,@DeputadoFederal
Paulo Ramos ,Exmo. Senhor Deputado,@pauloramosdep
Paulo Teixeira ,Exmo. Senhor Deputado,@pauloteixeira13
Pedro Augusto Bezerra ,Exmo. Senhor Deputado,@PedroAugusto_CE
Pedro Cunha Lima ,Exmo. Senhor Deputado,@pedroocl
Pedro Lucas Fernandes ,Exmo. Senhor Deputado,@depPedroLucasF
Pedro Lupion ,Exmo. Senhor Deputado,@Dep_PedroLupion
Pedro Paulo ,Exmo. Senhor Deputado,@pedropaulo
Pedro Uczai ,Exmo. Senhor Deputado,@uczai
Pedro Westphalen ,Exmo. Senhor Deputado,@pedrowestphalen
Pinheirinho ,Exmo. Senhor Deputado,@pinheirinhomg
Pompeo de Mattos ,Exmo. Senhor Deputado,@PompeodeMattos
Pr. Marco Feliciano ,Exmo. Senhor Deputado,@marcofeliciano
Professor Alcides ,Exmo. Senhor Deputado,
Professor Israel Batista ,Exmo. Senhor Deputado,@ProfIsrael
Professor Joziel ,Exmo. Senhor Deputado,@professorjoziel
Rafael Motta ,Exmo. Senhor Deputado,@RafaelMottaRN
Raimundo Costa ,Exmo. Senhor Deputado,
Raul Henry ,Exmo. Senhor Deputado,@RaulHenry
Reginaldo Lopes ,Exmo. Senhor Deputado,@ReginaldoLopes
Renildo Calheiros ,Exmo. Senhor Deputado,@renildo
Ricardo Barros ,Exmo. Senhor Deputado,@RicardoBarrosPP
Ricardo Guidi ,Exmo. Senhor Deputado,@ricardozguidi
Ricardo Izar ,Exmo. Senhor Deputado,@RicardoIzar
Ricardo Silva,Exmo. Senhor Deputado,
Ricardo Teobaldo ,Exmo. Senhor Deputado,@PSDBricardo45
Robério Monteiro ,Exmo. Senhor Deputado,
Roberto Alves ,Exmo. Senhor Deputado,@RobertoAlvesPRB
Roberto de Lucena ,Exmo. Senhor Deputado,@robertodelucena
Rodrigo Agostinho ,Exmo. Senhor Deputado,@rodrigoagost
Rodrigo Coelho ,Exmo. Senhor Deputado,@coelho_rodrigo
Rodrigo de Castro ,Exmo. Senhor Deputado,@RodrigoCastro45
Rodrigo Maia ,Exmo. Senhor Deputado,@RodrigoMaia
Rogério Correia ,Exmo. Senhor Deputado,@RogerioCorreia_
Rogério Peninha Mendonça ,Exmo. Senhor Deputado,@deputadopeninha
Roman ,Exmo. Senhor Deputado,
Ronaldo Carletto ,Exmo. Senhor Deputado,@ronaldocarletto
Ronaldo Martins ,Exmo. Senhor Deputado,
Rubens Bueno ,Exmo. Senhor Deputado,@23rubensbueno
Rubens Otoni ,Exmo. Senhor Deputado,@RubensOtoni
Rui Falcão ,Exmo. Senhor Deputado,@rfalcao13
Ruy Carneiro ,Exmo. Senhor Deputado,@depruycarneiro
Samuel Moreira ,Exmo. Senhor Deputado,@samuelmoreira
Sanderson ,Exmo. Senhor Deputado,@DepSanderson
Santini ,Exmo. Senhor Deputado,@dep_santini
Sargento Fahur ,Exmo. Senhor Deputado,@SargentoFAHUR
Schiavinato ,Exmo. Senhor Deputado,@Schiavinato_
Sebastião Oliveira ,Exmo. Senhor Deputado,@SebaOliveirajr
Sérgio Brito ,Exmo. Senhor Deputado,
Sergio Souza ,Exmo. Senhor Deputado,@_sergiosouza
Sergio Toledo ,Exmo. Senhor Deputado,@depsergiotoledo
Sergio Vidigal ,Exmo. Senhor Deputado,@vidigalsergio
Severino Pessoa ,Exmo. Senhor Deputado,
Sidney Leite ,Exmo. Senhor Deputado,@sidneyleite_
Silas Câmara ,Exmo. Senhor Deputado,@silascamara_
Silvio Costa Filho ,Exmo. Senhor Deputado,@Silvio_CFilho
Sóstenes Cavalcante ,Exmo. Senhor Deputado,@DepSostenes
Stefano Aguiar ,Exmo. Senhor Deputado,@depstefano
Subtenente Gonzaga ,Exmo. Senhor Deputado,@SubGonzagaMG
Tadeu Alencar ,Exmo. Senhor Deputado,
Tadeu Filippelli,Exmo. Senhor Deputado,
Ted Conti ,Exmo. Senhor Deputado,@tedcontioficial
Tiago Dimas ,Exmo. Senhor Deputado,@tiago_dimas
Tiago Mitraud ,Exmo. Senhor Deputado,@TiagoMitraud
Tiririca ,Exmo. Senhor Deputado,@tiriricanaweb
Toninho Wandscheer ,Exmo. Senhor Deputado,@deputadotoninho
Túlio Gadêlha ,Exmo. Senhor Deputado,@tuliogadelha
Uldurico Junior ,Exmo. Senhor Deputado,
Valdevan Noventa ,Exmo. Senhor Deputado,@ValdevanNoventa
Valmir Assunção ,Exmo. Senhor Deputado,@DepValmir
Vander Loubet ,Exmo. Senhor Deputado,@vanderloubet
Vanderlei Macris ,Exmo. Senhor Deputado,@vanderleimacris
Vavá Martins ,Exmo. Senhor Deputado,@vavamartinspa
Vermelho ,Exmo. Senhor Deputado,@TerezaNelma_
Vicentinho ,Exmo. Senhor Deputado,@VICENTINHOPT
Vicentinho Júnior ,Exmo. Senhor Deputado,@vicentinhojr
Vilson da Fetaemg ,Exmo. Senhor Deputado,
Vinicius Carvalho ,Exmo. Senhor Deputado,@falecomvinicius
Vinicius Farah ,Exmo. Senhor Deputado,@Vinicius_Farah
Vinicius Gurgel ,Exmo. Senhor Deputado,
Vinicius Poit ,Exmo. Senhor Deputado,@ViniciusPoit
Vitor Hugo ,Exmo. Senhor Deputado,@MajorVitorHugo
Vitor Lippi ,Exmo. Senhor Deputado,@DepVitorLippi
Waldenor Pereira ,Exmo. Senhor Deputado,@waldenorpereira
Walter Alves ,Exmo. Senhor Deputado,@walteralvesrn
Weliton Prado ,Exmo. Senhor Deputado,@pradoweliton
Wellington Roberto ,Exmo. Senhor Deputado,@wr22
Wilson Santiago ,Exmo. Senhor Deputado,@WilsonSantiago_
Wladimir Garotinho ,Exmo. Senhor Deputado,@WladGarotinho
Wolney Queiroz ,Exmo. Senhor Deputado,@WolneyQueirozM
Zé Carlos ,Exmo. Senhor Deputado,@Dep_ZeCarlosPT
Zé Neto ,Exmo. Senhor Deputado,@ZeMarioGO
Zé Silva ,Exmo. Senhor Deputado,@depzeneto
Zé Vitor ,Exmo. Senhor Deputado,@ZeSilva_
Zeca Dirceu ,Exmo. Senhor Deputado,@zeca_dirceu
Adriana Ventura ,Exma. Senhora Deputada,@adrianasounovo
Alê Silva ,Exma. Senhora Deputada,@oficialalesilva
Alice Portugal ,Exma. Senhora Deputada,@Alice_Portugal
Aline Gurgel ,Exma. Senhora Deputada,@dep_alinegurgel
Aline Sleutjes ,Exma. Senhora Deputada,@AlineSleutjes
Angela Amin ,Exma. Senhora Deputada,@DeputadaAngela
Áurea Carolina ,Exma. Senhora Deputada,@aureacarolinax
Benedita da Silva ,Exma. Senhora Deputada,@dasilvabenedita
Bia Cavassa ,Exma. Senhora Deputada,@BiaCavassa
Bia Kicis ,Exma. Senhora Deputada,@Biakicis
Bruna Furlan ,Exma. Senhora Deputada,@DepBrunaFurlan
Carla Dickson,Exma. Senhora Deputada,
Carla Zambelli ,Exma. Senhora Deputada,@CarlaZambelli17
Carmen Zanotto ,Exma. Senhora Deputada,@carmenzanotto
Caroline de Toni ,Exma. Senhora Deputada,@CarolDeToni
Chris Tonietto ,Exma. Senhora Deputada,@ToniettoChris
Christiane de Souza Yared ,Exma. Senhora Deputada,@ChristianeYared
Clarissa Garotinho ,Exma. Senhora Deputada,@dep_clarissa
Daniela do Waguinho ,Exma. Senhora Deputada,@DanielaWaguinho
Dra. Soraya Manato ,Exma. Senhora Deputada,@DraManato
Dra. Vanda Milani ,Exma. Senhora Deputada,
Dulce Miranda ,Exma. Senhora Deputada,@dulcemiranda_to
Edna Henrique ,Exma. Senhora Deputada,
Elcione Barbalho ,Exma. Senhora Deputada,@elcionepmdb
Erika Kokay ,Exma. Senhora Deputada,@erikakokay
Fernanda Melchionna ,Exma. Senhora Deputada,@fernandapsol
Flávia Arruda ,Exma. Senhora Deputada,@FlaviaArrudaDF
Flávia Morais ,Exma. Senhora Deputada,@depflaviamorais
Flordelis ,Exma. Senhora Deputada,@Flordelismk
Geovania de Sá ,Exma. Senhora Deputada,@geovaniadesa
Gleisi Hoffmann ,Exma. Senhora Deputada,@gleisi
Greyce Elias ,Exma. Senhora Deputada,
Iracema Portella ,Exma. Senhora Deputada,@iracemaportela
Jandira Feghali ,Exma. Senhora Deputada,@jandira_feghali
Jaqueline Cassol ,Exma. Senhora Deputada,@jqcassol
Jéssica Sales ,Exma. Senhora Deputada,
Joenia Wapichana ,Exma. Senhora Deputada,@JoeniaWapichana
Joice Hasselmann ,Exma. Senhora Deputada,@joicehasselmann
Lauriete ,Exma. Senhora Deputada,@laurietecantora
Leandre ,Exma. Senhora Deputada,@leandredaideal
Leda Sadala ,Exma. Senhora Deputada,@LedaSadala
Lídice da Mata ,Exma. Senhora Deputada,@lidicedamata
Liziane Bayer ,Exma. Senhora Deputada,@LizianeBayer
Luisa Canziani ,Exma. Senhora Deputada,@luisa_canziani
Luiza Erundina ,Exma. Senhora Deputada,@luizaerundina
Luizianne Lins ,Exma. Senhora Deputada,@Luizianne13PT
Magda Mofatto ,Exma. Senhora Deputada,@Magdamofatto
Major Fabiana ,Exma. Senhora Deputada,@majorfabianadep
Mara Rocha ,Exma. Senhora Deputada,@mararocha4545
Margarete Coelho ,Exma. Senhora Deputada,@MargaretCoelho
Margarida Salomão ,Exma. Senhora Deputada,@JFMargarida
Maria do Rosário ,Exma. Senhora Deputada,@mariadorosario
Maria Rosas ,Exma. Senhora Deputada,@mariarosassp
Mariana Carvalho ,Exma. Senhora Deputada,@DeputadaMariana
Marília Arraes ,Exma. Senhora Deputada,@MariliaArraes
Marina Santos ,Exma. Senhora Deputada,
Natália Bonavides ,Exma. Senhora Deputada,@natbonavides
Norma Ayub ,Exma. Senhora Deputada,
Paula Belmonte ,Exma. Senhora Deputada,@paulambelmonte
Perpétua Almeida ,Exma. Senhora Deputada,@perpetua_acre
Policial Katia Sastre ,Exma. Senhora Deputada,@KatiaSastre
Professora Dayane Pimentel ,Exma. Senhora Deputada,@deppimentel
Professora Dorinha Seabra Rezende ,Exma. Senhora Deputada,@profdorinha
Professora Marcivania ,Exma. Senhora Deputada,@marcivania65
Professora Rosa Neide ,Exma. Senhora Deputada,@prof_rosaneide
Rejane Dias ,Exma. Senhora Deputada,@rejane_dias
Rosana Valle ,Exma. Senhora Deputada,@DepRosanaValle
Rosangela Gomes ,Exma. Senhora Deputada,@rosangelasgomes
Rose Modesto ,Exma. Senhora Deputada,@rosemodestoms
Sâmia Bomfim ,Exma. Senhora Deputada,@samiabomfim
Shéridan ,Exma. Senhora Deputada,@DepSheridan
Silvia Cristina ,Exma. Senhora Deputada,
Soraya Santos ,Exma. Senhora Deputada,@sorayasantos
Tabata Amaral ,Exma. Senhora Deputada,@tabataamaralsp
Talíria Petrone ,Exma. Senhora Deputada,@taliriapetrone
Tereza Nelma ,Exma. Senhora Deputada,@TerezaNelma_